"Sample","Status","Ms"
"1","FAIL_DIRTY_TIMEOUT","-1"
"2","FAIL_DIRTY_TIMEOUT","-1"
"3","FAIL_DIRTY_TIMEOUT","-1"
"4","FAIL_DIRTY_TIMEOUT","-1"
"5","FAIL_DIRTY_TIMEOUT","-1"
"6","FAIL_DIRTY_TIMEOUT","-1"
"7","FAIL_DIRTY_TIMEOUT","-1"
"8","FAIL_DIRTY_TIMEOUT","-1"
"9","FAIL_DIRTY_TIMEOUT","-1"
"10","FAIL_DIRTY_TIMEOUT","-1"
"11","FAIL_DIRTY_TIMEOUT","-1"
"12","FAIL_DIRTY_TIMEOUT","-1"
"13","FAIL_DIRTY_TIMEOUT","-1"
"14","FAIL_DIRTY_TIMEOUT","-1"
"15","FAIL_DIRTY_TIMEOUT","-1"
"16","FAIL_DIRTY_TIMEOUT","-1"
"17","FAIL_DIRTY_TIMEOUT","-1"
"18","FAIL_DIRTY_TIMEOUT","-1"
"19","FAIL_DIRTY_TIMEOUT","-1"
"20","FAIL_DIRTY_TIMEOUT","-1"
